{"stats":{"minecraft:used":{"minecraft:oak_fence":76,"minecraft:smooth_quartz_stairs":12,"minecraft:end_stone_brick_wall":78,"minecraft:glowstone":3,"minecraft:redstone_lamp":38,"minecraft:sand":11,"minecraft:terracotta":560,"minecraft:daylight_detector":19,"minecraft:quartz_slab":12,"minecraft:heavy_weighted_pressure_plate":20,"minecraft:oak_sign":3,"minecraft:stone":3,"minecraft:oak_hanging_sign":1,"minecraft:smooth_quartz":199,"minecraft:splash_potion":56,"minecraft:obsidian":1},"minecraft:custom":{"minecraft:time_since_rest":69091,"minecraft:open_chest":1,"minecraft:crouch_one_cm":269,"minecraft:sprint_one_cm":115702,"minecraft:play_time":69091,"minecraft:walk_one_cm":206513,"minecraft:sneak_time":236,"minecraft:jump":430,"minecraft:leave_game":2,"minecraft:time_since_death":69091,"minecraft:total_world_time":69091,"minecraft:fall_one_cm":1730,"minecraft:fly_one_cm":166844},"minecraft:picked_up":{"minecraft:stick":80,"minecraft:heavy_weighted_pressure_plate":6}},"DataVersion":3700}