{"stats":{"minecraft:used":{"minecraft:oak_fence":76,"minecraft:daylight_detector":19,"minecraft:quartz_slab":12,"minecraft:heavy_weighted_pressure_plate":20,"minecraft:jungle_log":10,"minecraft:oak_sign":3,"minecraft:stone":3,"minecraft:smooth_quartz":199,"minecraft:player_head":1,"minecraft:smooth_quartz_stairs":13,"minecraft:end_stone_brick_wall":78,"minecraft:glowstone":3,"minecraft:redstone_lamp":38,"minecraft:sand":11,"minecraft:terracotta":569,"minecraft:crafting_table":1,"minecraft:oak_hanging_sign":1,"minecraft:splash_potion":63,"minecraft:obsidian":1},"minecraft:crafted":{"minecraft:knowledge_book":2},"minecraft:picked_up":{"minecraft:stick":80,"minecraft:splash_potion":1,"minecraft:daylight_detector":1,"minecraft:redstone_lamp":1,"minecraft:big_dripleaf":1,"minecraft:oak_fence":1,"minecraft:heavy_weighted_pressure_plate":13,"minecraft:end_stone_brick_wall":1,"minecraft:quartz_slab":1,"minecraft:arrow":4,"minecraft:bone":6,"minecraft:glowstone":1,"minecraft:smooth_quartz":1,"minecraft:terracotta":1,"minecraft:smooth_quartz_stairs":1},"minecraft:custom":{"minecraft:time_since_rest":11286,"minecraft:sprint_one_cm":128339,"minecraft:damage_taken":70,"minecraft:walk_one_cm":231423,"minecraft:damage_dealt":30,"minecraft:interact_with_crafting_table":2,"minecraft:fly_one_cm":258741,"minecraft:open_chest":6,"minecraft:crouch_one_cm":516,"minecraft:play_time":88135,"minecraft:deaths":1,"minecraft:sneak_time":364,"minecraft:jump":603,"minecraft:leave_game":3,"minecraft:time_since_death":11255,"minecraft:total_world_time":88135,"minecraft:fall_one_cm":3115}},"DataVersion":3700}