{"stats":{"minecraft:used":{"minecraft:oak_fence":28,"minecraft:sandstone_slab":62,"minecraft:oak_fence_gate":2},"minecraft:custom":{"minecraft:jump":32,"minecraft:time_since_rest":16972,"minecraft:leave_game":1,"minecraft:crouch_one_cm":5360,"minecraft:walk_on_water_one_cm":89,"minecraft:sprint_one_cm":985,"minecraft:play_time":16972,"minecraft:damage_taken":100,"minecraft:time_since_death":16972,"minecraft:walk_one_cm":5057,"minecraft:sneak_time":1511,"minecraft:total_world_time":16972,"minecraft:walk_under_water_one_cm":730,"minecraft:fall_one_cm":1200,"minecraft:fly_one_cm":153253}},"DataVersion":3700}