{
  "stellarity:cursed_tome/root": {
    "criteria": {
      "requirement": "2024-05-18 20:00:06 +0000"
    },
    "done": true
  },
  "minecraft:recipes/decorations/crafting_table": {
    "criteria": {
      "unlock_right_away": "2024-05-18 20:00:06 +0000"
    },
    "done": true
  },
  "minecraft:adventure/adventuring_time": {
    "criteria": {
      "minecraft:desert": "2024-05-18 20:00:07 +0000",
      "minecraft:mangrove_swamp": "2024-05-18 20:01:20 +0000",
      "minecraft:river": "2024-05-18 20:01:30 +0000",
      "minecraft:windswept_savanna": "2024-05-18 20:01:28 +0000",
      "minecraft:warm_ocean": "2024-05-18 20:01:40 +0000"
    },
    "done": false
  },
  "minecraft:recipes/building_blocks/chiseled_sandstone": {
    "criteria": {
      "has_sandstone_slab": "2024-05-18 20:02:50 +0000"
    },
    "done": true
  },
  "DataVersion": 3700
}